content,anger,fear,joy,sadness,surprise
Great.,0,0,1,0,0
"It's so nice to see you back, Mr. Bentley.",0,0,1,0,0
But with no money? Cool my ass.,1,0,0,0,0
Ming. As in to engrave on one's mind.,0,0,0,0,0
Someone's waking them up.,0,0,0,0,0
Thank you for meeting me.,0,0,1,0,0
"Debbie, um... that has you leaving at 9:30.",0,0,0,0,0
"What, now you're telling me how to feel?",0,0,0,0,1
Is gone.,0,0,0,1,0
"Yes, Zhu Tian went for a physical.",0,0,0,0,0
I could use some quotes on that mayor story.,0,0,0,0,0
Why are you in Hong Kong?,0,0,0,0,1
"That's not exactly agency policy, but it's admirable.",0,0,1,0,0
A lot of people have died already for the sake of this mission.,1,0,0,1,0
Is she all right?,0,0,0,0,1
Kiss me.,0,0,1,0,0
"Oh, I miss all the fun.",0,0,0,1,0
What's your name? I remember you.,0,0,1,0,0
We've got Matt Edwards on the ground.,0,0,0,0,1
Out of the way! Out of the way!,1,0,0,0,0
"I knew you had it handled,",0,0,0,0,0
"That makes Romero missing, not dead.",0,0,0,1,0
Get this. Harrison Wells is alive.,0,0,1,0,1
"I know you're busy, so I bought them for you.",0,0,1,0,0
"Yeah, and the Triad could already have it.",0,0,0,0,0
I enjoyed your show.,0,0,1,0,0
"Turn left at the next intersection, turn right at the next light... - and go straight. - Thanks. - Don't mention it. - Thanks.",0,0,0,0,0
"Causes rashes, blindness. - Is it permanent? - Sometimes.",0,1,0,0,0
"My ex sang ""Crushed by the One I Love.""",0,0,1,0,0
"If Dr. Rosso can help us in any way, then, yeah, I'm open to it, and you should be, too.",0,0,1,0,0
"You're not gonna be at my birthday party next year, are you?",0,0,0,1,0
"Dong, get your facts straight.",1,0,0,0,0
And it is going to get worse before it gets better.,0,1,0,1,0
House policy.,0,0,0,0,0
"I'm so sorry, Laurel...",0,0,0,1,0
Stay here. Fix that useless piece of junk.,0,0,0,0,0
"This is what China White wants, this is what I'm gonna give her.",0,0,0,0,0
"She's processing her grief, and if we have a new mission and the multiverse depends on it, Oliver, we have to get going right now.",0,0,0,0,0
By doing the right thing.,0,0,0,0,0
"Where's Rene, where's Dinah?",0,1,0,0,0
"You want to go to earth-37, earth-14?",0,0,0,0,1
The Highwaymen want justice!,1,0,0,0,0
I met him a few years ago through Cayden James.,0,0,0,0,0
That's why he can't die.,0,0,0,1,0
This is the pain beneath my anger.,0,0,0,1,0
Six men is an extraction unit.,0,0,0,0,0
They're gonna think I helped you.,0,0,0,1,0
Dark matter is a miraculous thing.,0,0,0,0,1
Tens of thousands.,0,0,0,0,0
"Yeah. I'm not that kid anymore, Con.",0,0,0,0,0
We are on edge.,0,0,0,1,0
"Yeah. Well, so did I, and as far as I know, Lyla did, too.",0,0,0,0,0
It happens. Layoffs after the new year.,0,0,0,1,0
"Dong, let's talk to the boss.",0,0,0,0,0
You don't believe me?,0,0,0,0,1
Romero's dark matter-infused cells are destroying his normal cells.,0,0,0,1,0
It's not that simple.,0,0,0,1,0
Hello?,0,0,0,0,0
Working with dark matter can be really dangerous.,0,1,0,0,0
All we can do is try and move forward.,0,0,1,0,0
"John, I didn't even want to get you involved in this.",1,0,0,0,0
Alright...don't cry.,0,0,0,1,0
They are no more.,0,1,0,0,0
Doc!,0,1,0,0,0
"Oh, my God.",0,0,0,0,1
Morris's wife had a baby. He's back in D. C.,0,0,1,0,0
"To prevent the crisis that's coming,",0,1,0,0,0
Good.,0,0,1,0,0
I've been a cop for over 1 0 years.,0,0,0,0,0
"Well, it helps to be married to Lyla Michaels, who is en route even as we speak.",0,0,1,0,0
"Allegra, it's not what you think, okay?",0,0,0,1,0
He said you're looking for an old friend.,0,0,0,0,0
Your wife is absolutely right.,0,0,0,0,1
"The number you have dialed has been disconnected. ""I'm like a pathetic joke"" ""holding onto thin air."" ""Perhaps I should have given up,"" ""given up meaningless courage."" ""I should not hope for anything."" ""I should not believe in miracles,"" ""but go on living without any expectations."" ""Nothing can be resolved."" ""Why talk about the future? "" ""I can't let go ""my love for you."""" """"The silent guitar"""" """"is answering me quietly."""" """"I talk to myself"""" """"when it's raining in my heart.""""""",0,0,0,1,0
"Now this machine is hooked up to A.R.G.U.S.' intranet,",0,0,0,0,0
Please trust me.,0,0,0,1,0
Congratulations.,0,0,1,0,0
Do I look pussy whipped to you?,0,0,0,0,1
Damn it! I'm going after the virus!,1,0,0,0,0
"Ah, it all worked out in the end.",0,0,1,0,0
"Thank you, sir.",0,0,1,0,0
"What, do you want me to hang myself?",1,0,0,0,0
He makes musical instruments. He's reticent.,0,0,0,0,0
You call this nice?,0,0,0,0,1
"Well, our situation just got a whole lot more complicated.",0,1,0,0,0
What did you say?,0,0,0,0,0
"So Frost has never had a birthday party, so I offered to throw her one.",0,0,1,0,0
Slow down. Why did you run? - I'm sorry. - Dong. - I'm sorry. - Dong.,0,0,0,1,0
Where did you see him?,0,0,0,0,1
The Alpha/Omega is a powerful weapon.,0,0,0,0,0
It is really snowing.,0,0,0,0,0
"No, you must tear it down.",1,0,0,0,0
"You know, we were happy, but I knew it wouldn't last, so I ended it.",0,0,1,0,0
It never occurred to you that they let you finish it?,0,0,0,0,1
You're going to be a father.,0,0,1,0,0
"Kwon's daughter is in danger, which means you might be, too.",0,1,0,0,0
"I can't give her a better life,",0,0,0,1,0
Thank you. - So happy. - Cheers.,0,0,1,0,0
You think women can only climb onto a bed?,0,0,0,0,1
It's clear.,0,0,0,0,0
Are you OK?,0,0,0,0,1
Is it safe?,0,0,0,0,0
My friends died trying to save yours and ended up with their heads on spikes.,1,0,0,0,0
I taught you how to fight.,0,0,0,0,0
Don't take that.,1,0,0,0,0
"I have to give them $5,000 a month, and I still have 9 more years to go. 9 years later,",0,0,0,1,0
Nothing that I can't handle myself.,0,0,1,0,0
I know what it's like to lose your mother.,0,0,0,1,0
But we aren't gonna get through it at all if we do not act as one.,1,1,0,0,0
You fail to see the bigger picture.,1,0,0,0,0
I don't know how to tell them.,0,0,0,1,0
You have to go?,0,0,0,0,1
"Well, I don't remember any details.",0,0,0,1,0
Are you ready to give them answers?,0,0,0,0,1
Alcohol is bad. I paid $27 for the cab.,0,0,0,0,0
It's coming December 10th... 2019. - Are you sure about this? - The jackass lied to you.,1,0,0,0,0
"Well, if this cosmic being wanted someone willing to watch the mass murder of innocent people, then...he picked the wrong hero.",0,1,0,1,0
You must remember it because of what happened after.,1,0,0,0,0
You think that our friendship is just nothing?,1,0,0,1,0
"Her friends, her family--Countless more like them will perish if we do not ensure that Oliver Queen is prepared for what is coming.",0,1,0,1,0
Go straight and make a turn.,0,0,0,0,0
What is it? You hurt yourself?,0,0,0,0,1
"Dong, you're too fussy. Just cut the spiel.",0,0,0,1,0
It's probably her. - Yes. - Maybe it was her?,0,0,0,0,1
Love your scarf.,0,0,1,0,0
"Which means, Oliver, that we have a ticking clock and absolutely no plan. - We have this. - You stole the virus?",0,0,0,0,1
I work hard because I can't do anything else.,0,0,0,1,0
What's taking so long? - It's done. - Great.,0,0,1,0,0
A coward.,1,0,0,0,0
Why did you come back?,0,0,0,0,1
I know that you're dealing with...,0,0,0,0,0
"Type the distress key, i'll put a bullet in your left knee.",1,0,0,0,0
Want some cabbage?,0,0,0,0,0
I consider context.,0,0,0,0,0
Does anybody else?,0,0,0,0,0
You take care of us three.,0,0,0,0,0
"Thanks, but I'm fine.",0,0,1,0,0
"I don't know where he is, Pete.",0,0,0,1,0
Marv when the pawn shop was robbed.,0,0,0,0,0
Zhencong will make her happy.,0,0,1,0,0
"So, what, everybody feels this crappy all the time?",0,0,0,0,1
I'm sorry.,0,0,0,1,0
"I want to come back and be a good cop,",0,0,1,0,0
Fang Zhendong. Where are you?,0,0,0,0,0
"Shouldn't blame yourself, man.",0,1,0,0,0
Come to lecture me some more?,1,0,0,0,0
"Yeah, it's okay.",0,0,1,0,0
Negan?,0,1,0,0,0
"He knows, where is Guiping?",0,0,0,0,0
"But tonight, I'll make an exception.",0,0,0,0,0
"I sent you to talk to him 24 hours ago, and now the person you made contact with is dead, Tara.",0,0,0,1,0
Nine months is a long time behind the curtain.,0,1,0,1,0
That doesn't mean it didn't hurt like hell every damn time. - What really happened? - What always happens.,0,0,0,0,1
Hand me the breach device.,0,0,0,0,0
It's all right.,0,0,1,0,0
"Tatsu, you almost died because of me.",0,1,0,1,0
Just a constant wave after wave.,0,0,0,0,0
You're new?,0,0,0,0,1
"Ralphy, I didn't mean to hurt you.",0,1,0,1,0
She's out all night looking for them.,1,1,0,0,0
You need to sleep.,1,0,0,0,0
I can fix tech. I can't bring back a whole ?friggin' universe!,1,0,0,1,0
This is a news story about a psycho who shot up a 7‐Eleven.,0,1,0,0,0
You're kidding me.,1,0,0,0,1
I had that.,0,0,0,0,0
Don't get emotional.,0,0,0,1,0
Look at all those holes on your vest.,0,0,0,0,0
He was doing what the agency wasn't willing to do-- trying to end Treadstone-- an unsanctioned black ops program run amok.,0,1,0,0,0
He's nervous.,0,0,0,1,0
Heads up.,0,1,0,0,0
"You look after your kid brother, but everyone in my family is selfish.",0,0,1,0,0
More or less.,0,0,0,0,0
"Even if I'll find out he has another woman,",0,0,0,0,0
How long till the next wave hits?,0,1,0,0,0
I'm all ears.,0,0,0,0,0
I'll transfer it to you tomorrow.,0,0,0,0,0
More than I ever imagined.,0,0,0,0,1
I'm just gonna call him right now.,0,0,0,0,0
I want to know if there's another woman.,0,0,0,0,0
"The carpenters arrive on the 2nd, electricians on the 5th, bricklayers from the 6th to the 1 0th.",0,0,0,0,0
"You're amazing, Fang Zhendong.",0,0,0,0,1
Said it sounded like a war zone.,0,1,0,1,0
I used to be a hairstylist.,0,0,1,0,0
Quiet. We made a mistake.,0,0,0,1,0
I am so sorry. My name is Barry Allen.,0,0,0,1,0
Great. I'll go mark my calendar.,0,0,1,0,0
What did you talk about?,1,0,0,0,0
"I want to order some deeper psych evaluations, keep you under observation for a while.",0,0,0,0,0
Forget the previous payments but I won't chip in anymore.,0,0,0,0,0
I hope you'll sleep well.,0,0,1,0,0
"Oh, God.",0,0,0,0,1
Where is it you get your strength?,0,0,0,0,1
I had too much to drink last night.,0,0,0,1,0
They're charged with dark matter.,0,0,0,0,0
Jang‐Mi?,0,0,0,0,0
My ex ran off with another man. I didn't care.,1,0,0,0,0
Just banged my head.,0,1,0,0,0
"No jitters, no adrenaline dump.",0,0,0,0,0
"Okay, you pull the shard, clamp open the wound, and I'll go in.",0,0,0,0,0
I see someone that's pretending.,0,0,1,0,0
What do you want?,0,1,0,0,0
You bit me.,1,0,0,0,0
"Um, somebody broke in while I was working late.",0,1,0,0,0
You could not believe that he left without even saying good-bye.,0,0,0,1,0
"I'm not a little lamb, Miss Li. when I call",1,0,0,0,0
He'll be increasingly dependent on others.,0,0,0,0,0
I used to be a journalist.,0,0,0,0,0
I wrote and handed in the reports at 17:00.,0,0,0,0,0
"William, do you copy?",0,0,0,0,0
"Nothing was stolen, but you'll never guess who the perp is.",0,0,0,0,1
"For women, this is more important than water.",0,0,0,0,0
You're alone?,0,0,0,0,1
"Thanks, Frank.",0,0,1,0,0
"I don't want to hear about the damn satellite anymore, Eugene!",1,0,0,0,0
I'm his friend.,0,0,0,0,0
Is there another solution?,0,0,0,1,0
You could've figured this out another way.,0,0,0,1,0
Because you're cold.,0,0,0,0,0
Why did you bring all these?,0,0,0,0,1
You're going to forget me anyway.,0,0,0,0,0
"Hey, come on, give him some space, Wilson.1",0,0,0,0,0
"If someone's bringing it back, we need to stop it.",0,1,0,0,0
He shipped it to this address.,0,0,0,0,0
Don't throw your life away because of it.,0,0,0,0,0
Yeah. I'm sure.,0,0,0,0,0
You don't have to work?,0,0,0,0,1
Forget how much I hurt you?,0,0,0,0,1
About what?,0,0,0,0,1
Read 'em and weep.,0,0,0,0,0
"He was a mess... ""He was""? ""Was""? What...",1,0,0,1,0
"I'm sorry, Jang‐Mi. You can't.He's been killed.",0,0,0,1,0
To get your hands on this priceless beauty?,0,0,0,0,1
"When you said you'd take care of Zhencong, did you see how happy she looked?",0,0,0,0,0
"Come to have a drink with me, little bro? - This is over, JJ. - I don't think so. - Put down your weapons. - You first.",0,0,0,0,0
"Let's get you home. Good to see you, Tony.",0,0,1,0,0
What the hell did the Deathstrokes want with this?,1,0,0,0,0
He was scared.,0,1,0,0,0
That doesn't make any sense.,0,0,0,1,0
"But I want that joy for you, Ralph.",0,0,1,0,0
"That goes for your land, your wallet, your home, your country... everything.",0,0,0,0,0
You're not a coward.,0,0,0,1,0
"If Marv is alive, what about your other boyfriends?",0,0,1,0,0
What's your name? I remember you.,0,0,0,0,0
"In order to get away, that bastard pushed a kid out on the street.",0,1,0,0,0
You can pay me back later.,0,0,0,0,0
"I don't know how they do things on your Earth, but this ain't Temple of Doom.""""",0,0,0,0,1
Why didn't you tell me you're not coming?,0,0,0,0,1
"Well, I'm surprised that you're not in an A.R.G.U.S. prison.",1,0,0,0,1
Batshit badger?,0,0,0,0,1
Her name was Petra.,0,0,0,0,0
Okay. And what did you see?,0,0,0,0,1
That's so romantic.,0,0,1,0,0
This is not Hong Kong. You must obey the law.,1,0,0,0,0
"You remember the fare, but what about me?",1,0,0,0,0
Yeah. How did you...,0,1,0,0,0
"What the fuck, John?",1,0,0,0,0
He needs the cash to do it.,0,0,0,0,0
Just leave us alone.,1,0,0,0,0
"Caitlin, I want to explain myself.",0,0,1,0,0
Are you scared to go?,0,0,0,0,1
"Auntie, let me help you.",0,0,1,0,0
Then you should eat more. - Definitely. - Zhu Tian.,0,0,1,0,0
I can't spend more than I should.,0,0,0,0,0
Come. No problem.,0,0,1,0,0
I'm going to Nanda Parbat.,0,0,0,0,0
"Or what, cowboy?",0,0,0,0,0
A man--something like a man has asked me to help him stop it. - You mean Mar Novu? - You've heard of him?,0,0,0,0,1
Should we save the mother or the baby?,0,0,0,1,0
Pink suits you.,0,0,0,0,0
We were able to confirm that this...,0,0,0,0,0
You sure they're open right now?,0,0,0,0,1
"Tear this down, my work station over he",0,0,0,1,0
The only timeline where you all survived was if I died.,0,0,0,1,0
Then I'll say it for you.,0,0,1,0,0
Let me repeat:,0,0,0,0,0
Where do we stand?,0,0,0,0,1
"So who were those men, Triad?",0,0,0,0,0
Yet you disobey.,1,0,0,0,0
"First it killed her, and now it's killing me.",1,1,0,1,0
"Found some peace, you know?",1,0,0,0,0
Enjoying the sun.,0,0,1,0,0
Don't mention it.,0,0,1,0,0
I must come back to work. I need to work.,0,1,0,0,0
Eternium?,0,0,0,0,1
I want to know what you're doing.,0,0,0,0,1
Let's go.,0,0,0,0,0
That's gonna make him stronger.,0,0,1,0,0
"Watch me, sweetie.",0,0,1,0,0
No problem. I'll buy.,0,0,1,0,0
Thanks for the party.,0,0,1,0,0
"So a couple years later when my boyfriend Doug and I broke up, and he left... there was no way I was gonna put you through that pain again.",0,0,0,1,0
It's not proof that someone's waking up assets.,0,0,0,1,0
"Last night? Yeah, Deb was here.",0,0,0,0,1
There's more coming in!,1,1,0,0,0
Yeah.,0,0,0,0,0
Come on. Come and get it.,0,0,1,0,0
I made sweet & sour spareribs... for the guests. - I brought them over. - That's enough.,0,0,0,0,0
"It's all you, man.",0,0,0,0,0
Why are you here?,0,0,0,0,1
"Those of you tuning in, are you aware of someone around... who gives you positive energy?",0,0,0,0,1
"A crisis is coming, John.",0,1,0,0,0
"I think you have great instincts, and I think you're gonna make a great reporter.",0,0,1,0,0
You're not responsible for her.,0,0,0,0,0
Don't think he texts.,0,0,0,0,0
So... That's awesome.,0,0,0,1,0
You smell good.,0,0,1,0,0
"Please, call me Ramsey.",1,0,0,0,0
It's my job to look after my kid brother.,0,0,0,0,0
"Look, you saved my ass in Krakow, but I'm not hurting any station personnel to help you get out of here.",1,0,0,0,0
"Clearly, he was right.",0,0,1,0,0
"Yeah, well, we thought so, too, but...",0,0,0,0,0
"All of the above. - Rosita, where's Coco? - Probably sleeping.",0,0,0,0,0
Want me to make you breakfast?,0,0,0,0,1
This is the pain beneath my anger.,0,0,0,1,0
What the hell did you just do?,1,0,0,0,0
Who died and made you boss?,0,0,0,0,0
What are you doing?,0,0,0,0,1
There's a better solution.,0,0,1,0,0
There's a man named Dr. Robert Wong.,0,0,0,0,0
I know what the Triad is after.,0,0,0,0,0
"Mom, give me a break.",0,0,0,0,0
"Besides, you know I don't have cameras in here, Deb. - Potted plant. - Ugly lamp on the bar.",0,0,0,1,0
I--I can't ask you to be involved.,0,1,0,0,0
"Sidearm, Frank.",0,0,0,0,0
Get a wife. She'll take care of you both.,0,0,1,0,0
"After what happened last time, you'd think the Chinese government would have learned its lesson.",0,0,0,0,0
Nobody would hire me for the last 6 months.,0,0,0,1,0
Knowing you has changed my life.,0,0,0,0,0
Alphabetical is great.,0,0,1,0,0
We'll leave first thing in the morning.,0,0,0,0,0
We're using this as bait to draw her out.,0,0,0,0,0
I'm sorry.,0,0,0,1,0
Bad dreams?,0,0,0,0,1
Why did you move back?,0,0,0,0,1
"Nine years ago, you failed to stop the virus, and my son died.",1,0,0,0,0
She ain't been the same since she got off that boat.,0,0,0,0,0
"Hey, Tommy, did I forget to tell you? - Happy birthday. - Thanks, Doc.",0,0,1,0,0
Why won't you help me?,0,0,0,0,1
He's more monster now than man.,0,0,0,0,1
That's just your assumption.,0,0,0,0,0
Deal's a deal.,0,0,1,0,0
"Auntie, you're such a good cook.",0,0,1,0,0
"I sang ""Happy Birthday"" to myself. ""Happy Birthday"" to myself...",0,0,0,0,0
You don't have to sell it.,0,0,0,1,0
I have to go.,0,0,0,0,0
"I have got the mother of all scoops, and thanks to your new intern, it's gonna be a CCC Media exclusive.",0,0,1,0,0
You were tough as a...,0,0,0,0,0
I still can't let you take those.,0,0,0,1,0
It's like I was becoming someone more...,0,0,0,0,0
"There's something I'm supposed to give to you, Jang‐Mi.",0,0,0,0,0
Are you saying that Eric's death was my fault?,1,0,0,0,1
Did you at least tell her Expo fired our asses?,1,0,0,0,0
You're so petty.,0,0,1,0,0
"I left my children,",0,0,0,1,0
Sometimes he'd stay up 24 hours just to make one of his runs.,0,0,0,0,0
"Thankfully, there are organizations on this earth far, far older than the Crescent Order.",0,0,1,0,0
What room are you in? I'll take you back.,0,0,0,0,0
"When the time is right, I will tell you everything.",0,0,0,0,0
You heard a rumor about The Monitor and a coming crisis?,0,0,0,0,0
Absolutely zero leakage.,0,0,0,0,1
Romero!,0,0,0,0,0
She doesn't believe me.,0,0,0,1,0
"And during the winter storm, you walked my land.",0,0,0,0,1
"Mother's love, brotherly love.",0,0,1,0,0
"Well, Ralphy, I really don't think anyone there is gonna help with my alibi.",0,0,0,1,0
"Ah, you wore that record out in Hanoi.",0,0,0,0,1
How's that possible?,0,0,0,0,1
"I don't know why you're so upset, sweetie.",0,0,0,1,1
I was never promoted. I didn't care either.,1,0,0,0,0
"Morning, boss.",0,0,1,0,0
"Yeah, come and get it. Come on.",0,0,1,0,0
"No, we're not. This--this isn't animal blood.",1,0,0,1,0
"Yeah? You were, uh...",0,0,0,0,0
"I do, but I got business to attend to.",0,0,0,1,0
"Carol! ""To this""... what? - To this bullshit. - That's it.",1,0,0,0,0
I am going to have to become...something else.,0,0,0,1,0
This isn't anger.,0,0,0,0,0
You just killed him!,1,0,0,1,1
"And screw you, too.",0,0,0,0,0
Fine.,0,0,1,0,0
I missed you all the time.,0,0,1,0,0
"Guys, Barry's right.",0,0,1,0,0
Trust me.,0,0,0,0,0
I'm just trying not to make the same mistake twice.,0,0,0,0,0
We got no choice. - We're good. - You're low on soldiers already.,0,0,0,1,0
HLH isn't just my mother's disease.,0,0,0,1,0
Where the hell are we?,1,0,0,0,0
I have nothing to lose.,0,0,0,1,0
"Hi, honey.",0,0,1,0,0
How does he know? You told him?,0,0,0,0,1
Who would kill for dark matter?,0,0,0,0,1
I don't know. It won't happen again.,0,0,0,1,0
He can't protect me.,0,0,0,1,0
"Oh, God.",1,0,0,0,1
Then I'll wait.,0,0,0,0,0
"When your father left, you came into my room every morning for a week with your hands on your hips, and you said, Where's Dad?""""",0,0,0,1,0
"No, but let's not forget that he did request her for a reason. - Do we know why? - Not yet.",0,0,0,1,0
I'm not a traitor.,1,0,0,1,0
"If you gave a shit, you'd leave.",1,0,0,0,0
Okay.,0,0,0,0,0
"Well, he's not the biggest fan of sharing information.",0,0,0,1,0
"I'm not a little lamb, Miss Li.",1,0,0,0,0
I know.,0,0,0,0,0
I'm fine.,0,0,1,0,0
I don't know what you mean.,0,0,0,0,1
Do you have any idea what you're about to walk into?,0,0,0,0,0
Tell me why the love of my life had to die.,1,0,0,1,0
Shift's up.,0,0,0,0,0
"I told you, I don't want any of those hateful vibes taken out on me.",1,1,0,0,0
"Chief, you haven't submitted your reports.",0,0,0,0,0
I'm hungry. Can you serve me lunch first?,0,0,0,0,0
Or get out of my lab.,1,0,0,0,0
You know why I got it.,0,0,0,0,0
"Allegra, look, I understand, okay?",1,0,0,0,0
How would I know there's a problem?,0,0,0,0,1
Come on. We're done. ,0,0,1,0,0
And I'm gonna spend them saving as many people as I can.,0,0,1,0,0
How do you explain that?,0,0,0,0,1
"If she sends that horde, that's it!",1,0,0,0,0
She's his past.,0,0,0,0,0
"No. I discovered what had transpired on Earth-2, that you intervened to save Laurel Lance.",0,0,0,0,0
"You don't know how much I missed you, John.",0,0,1,0,0
So much happiness in this world.,0,0,1,0,0
"It's all right. I'll go to Taiwan alone... to Shanghai, to Beijing,",0,0,0,1,0
You should fear me.,1,0,0,0,0
You're sure you saw three?,0,0,0,0,1
Good name. - Sounds good. - Not bad?,0,0,1,0,0
Someone just broke into Mercury Labs.,0,0,0,1,0
I don't want to die when I've just started living.,0,1,0,1,0
A man in his position in my country is always at risk.,0,1,0,1,0
Hello. - We're here to bum a meal. - You bought so much.,0,0,0,0,1
So... quaint.,0,0,1,0,0
What's happening?,0,1,0,0,0
I was at your office.,0,0,0,0,0
So happy.,0,0,1,0,0
"Ruby, have a drink with me.",0,0,1,0,0
"Why didn't you catch me, you stupid?",1,0,0,0,0
I'll get a loan from the bank.,0,0,0,0,0
What did you buy?,0,0,0,0,1
You should think it over.,0,0,0,0,0
Put them back. - No. - I can make you.,0,0,0,0,0
Prove it. Help me stop him.,0,0,0,0,0
You've been waiting for me?,0,0,0,0,1
Shut up.,1,0,0,0,0
And there you are.,0,0,0,0,0
So what do you want?,0,0,0,0,0
Can she hear me right now?,0,0,0,0,1
You worked with him for so long.,0,0,0,0,0
"Sometimes, the mission is not worth the cost.",0,0,0,0,0
I'd rather just stay here and pick tomatoes and bury corpses.,1,0,0,0,0
The stasis is pressing against your nerves and is affecting your memory.,0,1,0,0,0
Mitch Romero's still out there.,0,0,0,0,0
As far as the Cold War.,0,0,0,0,0
No...I don't know.,0,0,0,0,1
"So this is, what, like a black market?",0,0,0,0,1
"Long time no see. - Looking trim. - Thanks, Tony. - Deb. - Howdy, Tone-Loc.",0,0,1,0,0
What are you contributing?,0,0,0,0,1
"She ain't sleeping, either.",1,0,0,0,0
"I mean, look around... everybody's amped to 11, pissed at the skins, stirring shit up with each other.",0,1,0,0,0
OK. Looks like Dr. Wong might not be that easy to find.,0,0,0,1,0
"Well? ""Well"" What?",1,0,0,0,1
"But that is my home, and those people, those are real people who are counting on me--",0,0,0,1,0
Why should I?,0,0,0,0,1
"Listen, I'd risk my life when I work.",0,0,0,1,0
"Without you, I can't smile.",0,0,0,1,0
"If you had... told me about Andrew earlier,",0,0,0,0,0
Just like her Dad.,0,0,0,0,0
What did you say?,0,0,0,0,1
Debbie's hot tonight.,0,0,1,0,0
"Come on, man. Let's go.",0,0,1,0,0
She's taking a breather.,0,0,0,0,0
"Wipe it, slowly.",1,0,0,0,0
You know what? I can't die.,1,0,0,0,0
You'll have an amazing baby.,0,0,1,0,0
You're risking too much.,1,0,0,0,0
The baby's head didn't turn.,0,0,0,1,0
Keep an eye on that moron.,1,0,0,0,0
We don't have time to go all the way to S.T.A.R. Labs.,0,0,0,0,0
OK...Lion King needs to break for lunch.,0,0,0,0,0
"I don't know, they ditched me.",0,0,0,1,0
Why's she want to talk with us?,0,0,0,0,1
"Now is all we have, right?",0,0,0,0,1
"I didn't get to spend much time with General Kwon, but he was trying to do the right thing.",0,0,1,0,0
Still no word from him?,0,0,0,1,0
"Once the unification movement is gone, the power vacuum is ours to fill.",0,0,1,0,0
The only timeline where everyone survives... was the one where I died.,0,1,0,1,0
Come on. Let's go.,1,0,0,0,0
Get in there. Move.,0,0,0,0,0
Guess those meta-cuffs would've been a waste of time.,0,0,0,1,0
"So you don't eat fish or meat? - No, sir. - Not even chicken... or some other kind of poultry.",0,0,0,0,1
Get some sleep.,0,0,0,0,0
He believes Dr. Wong can help him stop it.,0,0,0,0,0
"I know, my brother has communication issues.",0,0,0,0,0
I'm cold? Thanks for taking care of me.,0,0,1,0,0
"Those idiots. Okay, now.",1,0,0,0,0
"No traces, no tracks, nothing.",1,0,0,1,0
You and I are never going to happen.,0,0,0,0,0
I'll handle it.,0,0,1,0,0
He'd have nothing... if I were dead.,0,0,0,1,0
But I did see them.,0,0,0,0,0
I almost got my throat slit.,0,1,0,0,0
Why rob yourself and then kill all your employees?,0,0,0,1,1
"Eternium is a Multiversal element, all right?",0,0,0,0,0
She's with Barbara. - Is that okay? - It's just... that little nugget can't grow up without her mama.,0,0,0,0,0
"In our line of work, what's the difference?",0,0,0,0,1
Yeah.,0,0,0,1,0
You all right?,0,1,0,0,0
Tsikada program was designed to create human weapons.,1,1,0,0,0
And don't worry about me.,0,0,1,0,0
So can I talk to Cait?,0,0,0,0,1
Why's that?,0,0,0,0,1
"Shu Gang, their rivals.",0,0,0,0,0
Where's Killer Caitlin?,0,0,0,0,1
What in tarnation?,0,0,0,0,1
So there was a break-in at McCulloch Tech last night.,0,0,0,1,0
"What is it, Sis?",0,0,0,0,1
"Ralph, hey, you know what? It's okay.",0,0,1,0,0
I spent 3 days in the hospital.,0,0,0,1,0
"Our... Our whole friendship is premised on my mistaken belief that, perhaps someday, I could change your mind, that... you would see that I was worthy enough of being re-zoned into love-town.",0,0,0,1,0
So happy.,0,0,1,0,0
"Okay, so the robbery was, like, five hours later, so, Mom, where were you around 10:00?",0,0,0,0,1
Will you tell him you love him?,0,0,0,0,1
She doesn't want to talk to you.,0,0,0,1,0
"Only this time, there was an IED in the road.",0,0,0,0,0
Let's tell them together.,0,0,1,0,0
Show some respect and move the car.,0,0,0,0,0
"She threatened my family, Tatsu.",1,0,0,0,0
Everyone deserves a shot at redemption.,0,0,1,0,0
You said he died in a car accident months ago.,0,0,0,1,0
Tired.,0,0,0,0,0
We already know what they're planning.,0,0,0,0,0
"See you in the next life, Barry.",0,0,0,1,0
"Well, it must've been incredibly hard to tell them.",0,0,0,1,0
"I tried to fight it, but...",0,0,0,1,0
We have no conflict with nature.,1,0,0,0,0
They developed a method to strip away a person's identity.,1,0,0,0,0
Know why I'm still alive?,0,0,0,0,0
"I know we didn't see eye to eye today, but thanks for your help.",0,0,1,0,0
I was hoping the surprise would take the stink off it.,0,0,1,0,0
Dr. Wong has been trying to re-create the Alpha/Omega virus.,0,0,0,0,0
Congratulations. I didn't expect a girl from Hong Kong to be so loyal.,0,0,0,0,1
I sang him a song.,0,0,1,0,0
"Okay, robbery, larceny, bribery... 14 allegations.",1,0,0,1,0
You people are no help.,1,0,0,1,0
You really think this will go better than the last time?,0,0,0,0,1
"I don't know,",0,0,0,0,0
Here we go.,0,0,0,0,0
Where you going?,0,0,0,0,1
But there's nothing there. There never was.,0,0,0,1,0
I've been trying to tell you that.,1,0,0,0,0
Do I know you?,0,0,0,0,1
Finding out what the deathstrokes stole could help us figure out what they're planning next.,0,0,0,0,0
"Well, you want to go upstairs and I can take a look at it?",0,0,0,0,1
I've lost nine months.,0,0,0,1,0
I don't want to be alone.,0,0,0,1,0
She picked the guest list.,0,0,1,0,0
I'm in a hurry. Let me borrow them.,0,0,0,0,0
I don't think that's a good idea.,0,0,0,1,0
"Come, let's eat.",0,0,0,0,0
Like Blackbriar.,0,0,0,0,0
You sent me an angel.,0,0,1,0,0
Our worry is uncalled for.,0,0,0,1,0
Mascara is the key.,0,0,0,0,0
I'll have luck and health.,0,0,1,0,0
But I have to believe him.,0,0,0,0,0
We can change it again.,0,0,1,0,0
JJ...please.,0,1,0,0,0
Is that a Virginia accent I hear?,0,0,0,0,1
I could have made Ruby leave him.,1,0,0,0,0
"Allegra, wait.",0,1,0,0,0
"You're supposed to be following my lead, not--",1,0,0,0,0
Or maybe you'll forget everything.,0,0,0,0,0
Hairstylists are cool.,0,0,1,0,0
What...the hell happened back there?,0,0,0,0,1
"No, they won't.",0,0,0,0,0
I don't care.,1,0,0,0,0
I've been waiting in this dump for you to get back to me about a seat opening in first class.,0,0,1,0,0
Got him.,0,0,1,0,0
You can understand that.,0,0,0,0,0
Move!,1,0,0,0,0
Probably the same place she did.,0,0,0,0,0
I better go then.,0,0,0,0,0
What happened to this guy?,0,0,0,0,0
"Your grief, your anger, your guilt over the failure,",1,0,0,1,0
What do you remember?,0,0,0,0,1
"All Hong Kong cooking shows are like this: ""I made this because we're pressed for time.""",0,0,0,0,0
Come on. Don't take that.,1,0,0,0,0
Thank you.,0,0,1,0,0
"I remember my ex just left me, and you made me watch the World Cup with you.",0,0,0,0,0
 - Why?,0,0,0,0,1
They're--they're good people.,0,0,1,0,0
Let's go back inside. - Come on. - OK.,0,0,1,0,0
"No, it's gonna make him angry, and I'm pretty sure if we give it to him, he'll overdose.",0,1,0,0,0
No sign of Dr. Wong.,0,0,0,0,0
So he's bringing us order?,1,0,0,0,0
What about the apartment?,0,0,0,0,0
"When I arrested that fugitive in 1995,",0,0,0,1,0
Me? Why don't you eat out?,0,0,0,0,1
Ferguson got away.,0,0,0,1,0
I thought you were with the Crescent Order.,0,0,0,0,1
"My wife is having a baby, my baby.",0,0,1,0,0
"Xiaole, don't be late next morning.",1,0,0,0,0
Damn. I'm tired.,1,0,0,0,0
"Yeah, can't push 'em too much further.",0,0,0,0,0
"Broad-shouldered, Adonis-looking cat.",0,0,0,0,0
Don't hurt me.,0,1,0,0,0
Not exactly.,0,0,0,1,0
The Deathstroke gang has really upped their game.,0,1,0,0,0
How will all this help?,0,0,0,0,1
"I thought you were some bandit about to rob me. ""Bandit""?",0,1,0,0,0
"Miss Li, I must go home.",0,0,0,0,0
And you will never see her again.,0,0,0,1,0
It was trying to help him.,0,0,0,0,0
You were with...,0,0,0,0,0
Access code only.,0,0,0,0,0
I don't think I can do it.,0,0,0,1,0
I think that's never gonna happen.,0,0,0,0,0
"Ramsey, hey, um...",0,0,0,0,0
Sounds like you've been to hell and back.,0,1,0,0,1
I'm fine. I can still manage... without men or money.,0,0,1,0,0
"I'm pretty sure that God put this here for a reason... to help me, help you... - Put it down. - Look, we both know that this broomstick ain't cutting it.",0,0,0,0,0
I'm not wasting any more working for a liar.,1,0,0,1,0
Guiping has gone to Tianjin.,0,0,0,0,0
"No, that's too risky. We'll try something more conventional.",0,1,0,0,0
"Like I said, I think we're done here.",0,0,0,0,0
You know I'm not good with words.,0,0,0,1,0
We still have seven weeks to make sure none of this happens.,0,1,0,1,0
That's so sweet.,0,0,1,0,0
You're bleeding.,0,1,0,0,0
I don't have one. That's why I'm alone.,0,0,0,0,0
It takes courage to fight death.,0,1,0,1,0
I just never thought anything would actually happen to him.,0,1,0,1,0
Does she know about the Multiverse?,0,0,0,0,1
"I spent five years locked up there, and it taught me how to tell the difference between a snitch and a liar.",0,0,0,1,0
It could've wiped out one of our communities.,1,0,0,0,0
"Actually, you know, I was hoping that you would help me with the new filing system.",0,0,0,0,0
Wait. How much did you put in? 3 spoonfuls.,0,0,0,0,1
I don't like this.,1,0,0,0,0
I'm open to love. I'm just picky.,0,0,1,0,0
You would've done the same for me.,0,0,1,0,0
I don't.,1,0,0,0,0
I'm fine.,0,0,1,0,0
"Today, we're all gathered here, because the handsome and charming Zhu Tian from our precinct will kiss his bachelor days goodbye.",0,0,1,0,0
"Okay, listen, I tased you once before, and I'm happy to do it again, so just...",0,0,1,0,0
My cure will work.,0,0,1,0,0
"Oh, fuck.",1,0,0,0,1
"It usually starts off rocky, especially between you and me, but eventually, we bond, and you learn to embrace that sensitive side.",0,0,0,1,0
I was surprised when I got your call.,0,0,0,0,1
"No, no, no. We can resolve this by you coming with us.",0,0,1,0,0
"So we figure out where JJ's gonna sell, take him out.",0,0,0,0,0
What the hell is wrong with you?,1,0,0,0,0
We don't have much time. They're waking them up. - Waking who up? - Cicadas.,0,1,0,0,0
He just got back. Let him get his bearings.,0,0,1,0,0
We haven't found enough body parts to determine which crew did all this.,0,0,0,1,0
Is it really that important?,0,0,0,0,1
Or it is a Langley twang?,0,0,0,0,1
Zhendong has cerebrovascular dementia.,0,0,0,0,0
That was pretty much it.,0,0,0,0,0
"Man, I wanted a better life for Samantha.",0,0,1,0,0
What the hell happened at the bar?,1,0,0,0,0
Get up.,1,0,0,0,0
You're not working today. Why are you here?,0,0,0,0,1
It's not about responsibility.,1,0,0,0,0
Whisperers. - Three of them. - Walkies on.,0,0,0,0,0
She's a journalist. - Used to be. - Tara Coleman.,0,0,0,0,0
"Yeah, I'll give them everything I can remember.",0,0,1,0,0
Why cripple the system when you can rip its heart out?,0,0,0,0,1
Jesus.,0,0,1,0,0
"Joe thinks there's a meta-killer that might be involved, so if anybody asks, you're my meta-human consultant.",0,0,0,0,0
"You and I... we have been enemies since the very beginning, but there's something coming.",0,0,0,0,0
"I was lying to you, but I can't tell you the truth about Harrison Wells, not yet.",0,0,0,1,0
What's your take?,0,0,0,0,1
"Is it hard looking after them both? ""They're both trying very hard. We're OK.""",0,0,1,0,0
My favorite part of that story is when you didn't listen and I got grounded.,0,0,1,0,0
"They are alive and nearby, but now you know that if we fail to stop the coming crisis, what you witnessed will occur on infinite earths across the expanse of time.",0,1,0,0,0
You must remember me. Don't abandon me.,1,0,0,0,0
My thoughts... they weren't my own.,0,1,0,0,0
"And, Mom, by keeping that pain away... we're also closing ourselves off from the joy that love can bring.",0,0,0,1,0
I think we busted up a deal.,0,0,1,0,0
"Well, it must've been incredibly hard to tell them.",0,0,0,1,0
Daryl! Help!,0,1,0,0,0
"Analysis of Subject 1-A, Mitch Romero's blood, reveals that dark matter infused with healthy blood cells to create an even stronger biological substance.",0,0,1,0,0
You're drunk again?,0,0,0,0,1
I can't guarantee I can hold it.,0,1,0,0,0
That's what everyone needs.,0,0,0,0,0
I'm hungry. Can you serve me lunch first?,0,1,0,0,0
You can't do this.,1,0,0,0,0
"Wait, what happened?",0,0,0,0,1
"Last night, 10:00 p.M., the Avenue M pawn shop was robbed at gunpoint.",1,0,0,1,0
What will happen?,0,0,0,0,1
How did he do that?,0,0,0,0,1
You have to stop being such a crappy teacher.,1,0,0,1,0
"Miss Li, are you all right?",0,0,0,0,1
Out assaulting another suspect without cause?,0,0,0,0,1
"What is it, Miss Li?",0,0,0,0,1
I'm just so grateful you would see me.,0,0,1,0,0
Until he did.,0,0,0,0,0
How did I fail? Your dwarf star particles are right there.,0,1,0,0,0
Yeah.,0,0,0,1,0
And you believe him?,0,0,0,0,1
I was fired.,0,0,0,1,0
"It was a nice speech, but once again, you have managed to make everything about you.",0,0,1,0,0
No.,0,0,0,0,0
You were never after the money.,0,0,0,0,0
And we are friends of the Council of Wells.,0,0,1,0,0
Triad must have taken him deep underground.,0,0,0,0,0
"You know, this is great work, but I will take it from here, okay?",0,0,1,0,0
Do not fail me again.,1,0,0,0,0
I trust he will be good to her. Look.,0,0,0,0,0
"Not a single charge, Miss Perfect Hemline.",0,0,0,1,0
"All of those people that you saw die, they weren't real to you.",0,0,0,0,0
That should weaken him enough for you to make an arrest.,0,0,0,0,0
"Good to see you, Ralphy boy.",0,0,1,0,0
Can you see me?,0,0,0,0,0
Here we go.,0,0,0,0,0
"Guiping and I were on beat every day, 3 hours a day, and finished by 16:30.",0,0,0,0,0
"If I do it, it will be me romancing him.",0,0,1,0,0
I said we're good.,0,0,1,0,0
Edwards is looking into Kwon's allegations.,0,0,0,0,0
We could just not go. - That's a bad idea. - We're already under attack.,1,1,0,0,0
I must be off.,0,0,0,1,0
"The shop owner ID'd your mom as the perp, so we had to hold her.",0,0,0,1,0
He claims you sacrificed yourself for him.,0,0,0,1,0
Maybe she'll find a job.,0,0,1,0,0
"We're poor and my daughter is a mute, but...",0,0,0,1,0
Promise?,0,0,0,0,1
What--what part-- particles of what?,0,0,0,0,1
"Please, let me help.",0,0,1,0,0
"Somehow, she knew everything about me.",0,1,0,0,0
"As an honest cop, even when I'm not in uniform,",0,0,0,1,0
It's the most secure facility in West Berlin.,0,0,1,0,0
"The virus is, too.",0,0,0,0,0
Oh. You call that a real name?,0,0,0,0,1
"Xiaowan said being with the one you love, there's nothing to be afraid of.",0,0,1,0,0
"Salute. ""I'm like a pathetic joke"" ""holding onto thin air."" ""Perhaps I should have given up,"" ""given up meaningless courage."" ""I should not hope for anything."" ""I should not believe in miracles,"" ""but go on living without any expectations."" ""Nothing can be resolved."" ""Why talk about the future? "" ""I can't let go"" ""my love for you."" ""The silent guitar"" ""is answering me quietly."" ""I talk to myself"" ""when it's raining in my heart.""",0,0,0,1,0
I'll wait outside.,0,0,0,0,0
"Look, Cecile, yes, my mom has an eventful past, but...",0,0,0,0,0
Uh...I'd rather do this.,0,0,0,0,0
Come on!,0,0,0,0,0
It's all right. You can call me.,0,0,0,0,0
Hong kong version of the secret police.,0,0,0,0,0
Kohler thinks I've been turned.,0,0,0,1,0
"No, no, no.",1,0,0,0,0
"You'll soon be the team leader too, you'll...",0,0,1,0,0
"You two had become so close, and...",0,0,1,0,0
You need to lock up?,0,0,0,0,1
My stomach is about to bleed.,0,1,0,0,0
Here.,0,0,0,0,0
"We see the wall coming down as an opportunity,",0,0,1,0,0
"Hopefully, it'll lead us to our killer.",0,0,1,0,0
"Facing the sun, right?",0,0,0,0,1
Dad held me responsible.,0,0,0,0,0
I slaved on my job... for over 1 0 years.,0,0,0,1,0
You need to find a place that just treats you like an actual human being.,1,0,0,0,0
"Talk some sense into him, Ferguson.",1,0,0,0,0
"Babe, do you know how many people you could help in this city?",0,0,1,0,0
And we can fix this...together.,0,0,1,0,0
"Reminding you what you are doing here, which does not include interfering in the events of this earth. - The city's under attack. - By who?",0,1,0,0,0
He found himself a wife.,0,0,0,0,0
"I've seen that blind faith in you before, as well, with Amanda Waller.",0,0,0,0,0
My Mom is a bitch when she wants money.,0,0,0,1,0
You're late. I thought perhaps you changed your mind.,0,0,0,0,1
"Your dad was Bronze Tiger, and you turned out ok.",0,0,1,0,0
You crossed into her land.,0,0,0,0,0
What happened? Where's your brother?,0,1,0,0,0
Who are you?,0,0,0,0,1
I'm just... I'm tired.,0,0,0,1,0
"Fact is, you really did it.",0,0,1,0,0
People I love.,0,0,1,0,0
"Look, Mr. Allen, my HLH research is very important.",1,0,0,0,0
And so hurt.,0,1,0,1,0
We're going to have a baby then.,0,0,1,0,0
Shut up.,1,0,0,0,0
It's a little bit of a gambling front.,0,0,0,1,0
" - Now, that is not your concern.",0,0,0,0,0
You didn't have to do this.,0,0,0,1,0
How many of them are alive?,0,0,0,0,1
I'm here. I care.,1,0,0,1,0
I won't marry her off casually.,0,0,0,1,0
My sister. Don't mind her.,0,0,1,0,0
"Cleaning from the... 14th to the 16th, worship ceremony on the 17th, and we're open for business on the 18th.",0,0,0,0,0
Harbinger sends her regards.,0,0,0,0,0
I'll always be your Ralphy.,0,0,1,0,0
It is starting again. - What's starting again? - Treadstone.,0,0,0,0,1
They were like family to me.,0,0,1,0,0
"As soon as I mentioned Dr. Wong's name, he stopped talking. - He seemed afraid. - I think we know why.",0,0,0,0,0
What?,0,0,0,0,1
I figured it was a better approach than the awkward silence that happens when two guys don't know what the hell is really going on.,0,0,0,1,0
"In order to let my baby... grow up healthily,",0,0,1,0,0
Do I look like I want to hold hands?,0,0,0,0,1
With Marv Perez.,0,0,0,0,0
"One truth kept my people going... if you don't protect what belongs to you, then sooner or later, it belongs to someone else.",1,0,0,0,0
"Someone far, far more powerful than myself.",0,1,0,0,0
"Ralphy, let me explain.",0,1,0,0,0
You let your anger get the better of you,0,0,0,1,0
"There's a creature out there with a metastasized blood chemistry with the strength of ten men, and he's getting stronger by the minute.",0,0,0,0,1
You're just naive.,1,0,0,1,0
"Miss Li, your wiring is illegal.",0,1,0,0,0
Must be tough for you.,0,0,0,1,0
Not.,1,0,0,0,0
You have a 5-star home. I have no star.,0,0,0,1,0
Neither one of us have been open to love since Dad left.,0,0,0,1,0
They've amassed more territory and power than ever before.,0,1,0,0,0
Hold me... I'm scared.,0,1,0,0,0
There's no other choice.,0,0,0,0,0
There's more coming!,1,1,0,0,0
You know you always have a place here with us.,0,0,0,0,0
I'm gonna go see this Crisis for myself.,0,0,0,1,0
"Hi, I'm here about the internship.",0,0,1,0,0
Did you just trip me?,1,0,0,0,0
I'm marking my calendar with the days I have left to live.,0,1,0,1,0
I'll be right back.,0,0,0,0,0
"No, no more pills, Sam. I can manage.",1,0,0,0,0
It's all right. Take it easy.,0,0,1,0,0
I know.,0,0,0,0,0
Okay.,0,0,0,0,0
"John, you were missing for nine months.",1,0,0,1,0
I want dumplings tonight.,0,0,1,0,0
Don't wait here anymore.,1,0,0,0,0
Probably damaged on our jump through the portal.,0,1,0,1,0
How far back does this go?,0,0,0,0,1
I must make sure she's happy.,0,0,0,0,0
"Employed hypnosis, uh, drugs, electrical stimulation in certain areas of the brain.",1,0,0,0,0
Let me carry that.,0,0,1,0,0
He was almost run over by a car.,0,0,0,1,0
Taking me back?,0,0,1,0,1
"I was so worried that you would think it was my fault, or worse, yours.",0,1,0,1,0
What's the problem?,0,0,0,0,1
Hm. They're from the same person.,0,0,0,0,0
Agency protocol.,0,0,0,0,0
"Yeah, let's focus on that.",0,0,1,0,0
What do you mean by little lamb?,0,0,0,0,1
What? What is it?,0,1,0,0,1
Thanks for coming out with me.,0,0,1,0,0
"Now, I'm gonna ask you one more‐‐",0,0,0,0,1
I did have a small amount of dark matter here. - Where'd you get it from? - From an old colleague.,0,0,0,0,1
Happy birthday.,0,0,1,0,0
You summoned me here to watch how you brilliantly ravage the dumplings?,0,0,0,0,0
Your wiring is against regulations.,0,0,0,1,0
Miss Li. Are you all right?,0,0,0,1,0
"Now, I want to know everything Kwon told you about Treadstone.",0,0,0,0,1
Let's drink this.,0,0,1,0,0
Just 20 more minutes.,0,0,0,0,0
People are getting impatient.,1,0,0,0,0
Crap.,1,0,0,0,0
I know because I'm the same way... which is why I made you something.,0,0,0,0,0
"Because if I'm wrong-- if I'm wrong, then all of this is for nothing.",0,0,0,1,0
Try with me by your side.,0,0,1,0,0
Brace yourself.,0,0,1,0,0
How much is the rent?,0,0,0,0,0
Treadstone used someone named Martin Wells.,0,0,0,0,0
None of this would have happened.,1,0,0,0,0
"I finally have the chance to live a life, and now this stupid Crisis is gonna take it all away?",1,0,0,1,0
A stewed skunk?,0,0,0,0,1
You will be fine... just too much alcohol.,0,0,0,1,0
I don't know what happened before.,0,0,0,0,0
"Guys, I really hate to interrupt this,",1,0,0,0,0
"You're not talking me out of this. - I know. - Trust me, Tatsu.",0,0,0,0,0
"You know, I don't understand you, Barry.",0,0,0,1,0
We all are.,0,0,0,1,0
It's okay.,0,0,0,0,0
I'm gonna walk out of here... and I'm gonna prove that I'm telling the truth.,0,0,0,1,0
I know it's not fair.,0,0,0,1,0
That is some serious denial.,0,0,0,0,0
"Barry and I didn't share everything that we learned about Crisis, and... you guys deserve to know the truth.",0,0,0,1,0
"Hey, what did they tell my mother?",0,0,0,0,1
You're up early.,0,0,0,0,1
I've been puttin' my neck on a block for you people all goddamn day!,1,0,0,0,0
How about you and me leave together?,0,0,0,0,0
Where have you been?,0,0,0,0,0
So why don't you fight for yourself?,1,0,0,0,1
"I'll be right outside, pal.",0,0,1,0,0
"I am marking a calendar every day until I die, waiting to fall off a cliff, powerless to grab onto anything or anyone.",0,1,0,1,0
"And, you, next time I see your brother, don't get in my way.",1,0,0,0,0
"He calls out Treadstone on an open wire, and 24 hours later, he's gone?",0,0,0,0,1
He won't forget.,0,0,1,0,0
He's no longer the Zhendong you know.,1,0,0,0,0
Hey. You think JJ turned out this way because of you?,0,0,0,0,1
"Wait, wait, wait, hang on, hang on, hang on, Mom.",0,1,0,0,0
"Love, happiness, the whole kit and caboodle.",0,0,1,0,0
"I didn't want to go behind your back, but you refused to help me.",1,0,0,1,0
Where's Peiru?,0,0,0,0,1
Treadstone.,0,0,0,0,0
Here's the kids' room. Get a feel for it. - Not bad. - Think about it.,0,0,0,0,0
I was drunk?,0,0,0,0,1
You got lucky.,0,0,1,0,0
"If you leave him after you see him, you shouldn't see him at all.",1,0,0,0,0
You have to be punished.,1,0,0,0,0
Don't cry.,0,0,0,1,0
I love you.,0,0,1,0,0
No. You're making... your boyfriend dumplings?,0,0,0,0,1
It stole your humanity.,1,0,0,0,0
Maseo had every intention of actually giving the virus to China White. - I don't. - It's too risky.,1,0,0,0,0
"Well, I don't like talking about it unless I have to, so...",1,0,0,1,0
I can't go on without you.,0,0,0,1,0
There will be no bloodshed this time.,0,0,1,0,0
I'll remember how nice Zhendong is to me.,0,0,1,0,0
That's three times.,0,0,0,0,0
One must own up to one's mistakes.,1,0,0,0,0
You don't want any?,0,0,0,0,1
Yeah! Yeah!,0,0,1,0,0
Even the shoes suck when you're out of luck,0,0,0,1,0
How you holding up?,0,0,0,0,1
"Yes, but the one Kwon was referring to... is called Cicada.",0,0,0,0,0
"Look, I have seven weeks to teach you how to handle this kind of situation.",0,0,0,0,0
"Good on you, puttin' the ol' stump to use.",0,0,1,0,0
Tonight someone has to strip.,0,0,1,0,0
Only you call me Fang Zhendong.,0,0,0,0,0
"So be honest with me, or I'm out of here.",1,0,0,0,0
You're missing out on all the fun.,0,0,0,1,0
"Miss Li, what you want from me is beyond my call of duty, understand?",1,0,0,0,0
The headaches.,0,0,0,1,0
Are you all right?,0,0,0,0,1
"By my estimation, we'll be fighting into the night again.",0,1,0,0,0
What do we do then?,0,0,0,0,0
"No breaks, just bruising.",0,0,0,1,0
First class?,0,0,0,0,1
What happened?,0,0,0,0,1
"I missed you, buddy.",0,0,0,1,0
"We might not got the green. We can earn it. - Right. - Uh, excuse me, down here.",0,0,1,0,0
"Frost, what are you doing?",0,0,0,0,1
"All I'm saying is JJ could have killed you, and he didn't.",0,0,0,0,0
Keep up the not-so-legal work.,0,0,0,0,0
Do you know what it's like to lose an entire universe?,0,0,0,1,0
You didn't tell her you were coming home.,0,0,0,0,0
I let you do that. Now hold still.,0,0,1,0,0
Help yourselves.,0,0,1,0,0
Still can't believe that you decided to become a vigilante.,0,0,0,0,1
"Yes, you did. Tears rolled down your face.",0,0,0,1,0
"You wanna go back, don't you?",0,0,0,0,1
The Monitor is our best chance at preventing it from happening again.,0,0,0,0,0
Whoa? Is that an interdimensional extrapolator?,0,0,0,0,1
I want you to go find that.,0,0,0,0,0
"She, uh... died hating you.",0,0,0,0,0
What should I do?,0,0,0,0,1
"Now, if someone's waking up these assets, he might know how it could be done.",0,0,0,0,0
Now I have to do this all alone.,0,0,0,0,0
What now?,0,0,0,0,1
Don't bother.,0,0,1,0,0
OK?,0,0,0,0,1
I can do better than that.,0,0,1,0,0
I'll buy it. No problem.,0,0,0,0,0
Did you find anything helpful from the sample?,0,0,0,0,1
"Nah, just thinking 'bout my dad.",1,0,0,0,0
"He sees this girl up on the side of the road, looks like she's crying.",0,0,0,0,0
I don't think he has.,0,0,0,0,0
We both like A-Mei then.,0,0,0,0,0
It was bigger than we thought.,0,0,0,0,1
He was a specialist in behavioral modification.,0,0,0,0,0
"Not really in the mood for a trip down memory lane, Con.",1,0,0,0,0
"Yes. Worthless piece of junk, my ass.",1,0,0,0,0
What did you do?,0,0,0,0,1
They always wanted more than I could give.,0,0,0,1,0
Will you forget I owe you $300K?,0,0,0,0,1
There's three coming in.,0,0,0,0,0
I turn it in at 5:30. It cannot be.,0,0,0,0,0
I'm almost at the sublevel.,0,0,0,0,0
"Frost, Romero's heading to the pipeline.",0,0,0,0,0
You've been waiting for me?,0,0,0,0,1
"I'm here all by my lonesome, you must come over and save me.",0,0,0,1,0
Just live with it.,0,0,0,0,0
You're lying. Fix it! Fix it!,1,0,0,0,0
"When I was in Afghanistan, my unit got sent out on patrol on a day I drew base duty.",0,0,0,0,0
Is that why? Go ahead.,0,0,0,0,1
Help!,0,1,0,0,0
"I am on it, boss.",0,0,0,0,0
There was no girl.,0,0,0,0,1
Shit.,1,0,0,0,0
Look at me.,0,0,0,0,0
That one is true.,0,0,0,0,0
And you never told me that you were a meta.,0,0,0,1,1
"Well, it's his lab. It has to be.",0,0,0,0,0
I'm disturbing you?,0,1,0,0,0
"Shit, everyone knew him.",1,0,0,0,1
There's nothing to drink but alcohol.,0,0,0,1,0
Thank you.,0,0,1,0,0
Good.,0,0,1,0,0
Fang Zhendong is missing. Find him.,0,1,0,0,0
We have to get the hell out of here.,0,0,0,0,0
"I am trying to make things better, and I am not that guy that you think...",0,0,0,1,0
"What now, John?",0,0,0,0,1
And I did not know how to tell you he wasn't coming back.,0,0,0,1,0
There's only one way to find out.,0,0,0,0,0
The baby is hungry.,0,0,0,1,0
Why are you following me?,0,0,0,0,1
Yeah?,0,0,0,0,1
He's worried. He wants to protect you.,0,0,0,1,0
Not even close.,1,0,0,0,0
"Also, I quit.",1,0,0,1,0
I didn't know you're willing to bear my baby.,0,0,0,1,0
We found ourselves in each other.,0,0,1,0,0
"Do you know even if I die tomorrow,",0,0,0,1,0
You're not asking. I'm offering.,0,0,0,0,0
"Look, there's no such thing as mystical mumbo jumbo or gods.",0,0,0,0,0
Kept me in isolation... tortured me.... withheld food and water.,0,1,0,1,0
We have a tough road ahead.,0,0,0,1,0
We've changed the future before.,0,0,1,0,0
Or why don't you just admit the truth about what's hurting you?,0,0,0,0,1
I don't know what to say.,0,0,0,0,0
You must not put too much stuffing.,0,0,0,0,0
"Ooh, it says here that the owner of the pawn shop personally identified you as the robber.",0,0,0,1,0
"An addendum for The Book of Ralph."" ""22 steps to being open to the love of your life.""""",0,0,0,0,0
Enough about your bro. What about yourself?,0,0,0,0,0
What do you expect me to do?,0,0,0,0,1
That is the best freaking news I've had all day!,0,0,1,0,0
Fang Ming is on his way.,0,0,0,0,0
Why is there a seedling here?,0,0,0,0,1
It's just a matter of time before they make him re-create it.,0,0,0,0,0
Is this a set up?,0,0,0,0,0
Men always make me drink a lot.,0,1,0,0,0
What is going on?,0,0,0,0,0
"This is-- this is a good thing because Marv is Debbie's alibi, so your mom isn't gonna go to jail.",0,0,1,0,0
An animal did this. Good to go?,0,0,1,0,0
Now.,0,0,0,0,0
"Are you drunk, Miss?",0,0,0,0,1
Look at the details...she looks so pretty.,0,0,1,0,0
"Or what my favorite song is, or have my first birthday party. 30 years of existing, and I have never had one.",0,0,0,1,0
I apologize... for my friend.,0,0,0,1,0
Why even you don't want me?,0,0,0,0,1
"Move in with me, my jewelry will be yours.",0,0,0,0,0
I can't believe you and Cait get to work here.,0,0,0,0,1
You betrayed your mentor.,1,0,0,0,0
"Being back here hurts, too.",0,0,0,1,0
Small price to pay in exchange for sending one of the CIA's own operatives back as a double agent.,0,0,0,0,0
You're picking on me. You look down on me?,1,0,0,0,0
He's not trying. He's already done it.,0,0,1,0,0
"So why don't you just drop the act, and show me that warm, compassionate, smart guy that I know you to be.",0,0,1,0,0
"Yes, you are,",0,0,0,0,0
Laurel. She was right.,0,0,0,0,0
In a secure location.,0,0,0,0,0
"Oliver, just stop.",1,0,0,0,0
"During the fire, you walked my land.",0,0,0,0,1
I saw the hunt up close.,0,1,0,0,0
I should be asking you that.,1,0,0,0,0
But you're trying to be better.,0,0,1,0,0
Have you decided on a name?,0,0,0,0,0
Thank you. Um...,0,0,1,0,0
"How are you, nice to meet you.",0,0,1,0,0
Give it to me. I'm going back.,0,0,0,0,0
"It's good to be home, Margie.",0,0,1,0,0
"I can't abuse my power, understand?",0,0,0,0,0
"But he only wants my money, not me.",0,0,0,1,0
What are you?,0,0,0,0,1
That's a good idea.,0,0,1,0,0
She's not around.,0,0,0,0,1
"During your search along the river, you and the man with the metal arm walked my land.",0,0,0,0,1
"I tried to hold on to something, you know?",0,0,0,0,1
Thank you.,0,0,1,0,0
"I'm only loaning her my share. ""Alcohol is bad for you...best of luck to you.""",0,0,1,0,0
"And, Oliver, what if we don't like the answers to those questions?",0,0,0,0,0
We're trying to figure out why he would have left town.,0,0,0,0,0
Forget it.,0,0,0,0,0
"Hey, sweetie, we having a little get-together?",0,0,1,0,1
I know... you don't want Xiaowan to suffer.,0,0,0,1,0
"No, don't play it down, John.",1,0,0,0,0
I now have a new theory.,0,0,1,0,0
"Look, I know you think that you fight better when you're angry, so why don't you try and hit a real target?",0,0,0,0,1
Dr. Ramsey Rosso.,0,0,0,0,0
"Welcome to The Citizen.""""",0,0,1,0,0
You know how to make them?,0,0,0,0,0
"According to Miranda, it's somewhere in this area.",0,0,0,0,0
"Well, he starts with youngest and most physically fit and saves the oldest for last because he presents the lowest threat level.",1,0,0,0,0
Yeah.,0,0,1,0,0
Where are we?,0,0,0,0,1
"Yeah, but why would they be going after Dr. Wong?",0,0,0,0,1
Three objectives means three groups.,0,0,0,0,0
You were mean as a mama wasp out there.,1,0,0,0,0
"Because she remembered every word by heart. ""Don't be Lonely Fang Zhendong""",0,0,0,1,0
Did something happen out there?,0,0,0,0,1
I knew you'd be here.,0,0,0,0,0
So what do we tell them?,0,0,0,0,1
I'm just... I'm so tired.,0,0,0,1,0
Like anything they did to you while you were gone.,0,0,1,0,0
I watched my mother dive off that same cliff... with a smile on her face.,0,0,0,1,0
I left Felicity.,0,0,0,1,0
One more block!,1,0,0,0,0
"It's my party, and I'll rage if I want to!",1,0,0,0,0
"I'm still a cop, right? ""Only a bass guitar is left"" ""listening to my heart."" ""I miss you"" ""in this empty room."" ""My dreams have left me."" ""I'm lost when I wake up."" ""I keep searching"" ""in this gloomy world.""",1,0,0,0,0
Including you three.,0,0,0,0,0
I already had no regrets after you kissed me.,0,0,0,0,1
It's actually very simple.,0,0,1,0,0
Your brother hates you. That makes things unpredictable.,0,1,0,0,0
"I, uh...",0,0,0,0,0
What happens in the Arctic stays in the Arctic.,0,0,0,0,1
Don't go back to your wife.,0,0,0,0,0
I hoped I was wrong.,0,0,0,1,0
That'll cut off our hunting grounds.,0,0,0,0,0
Anger really does cloud judgment.,0,0,0,0,0
Charges pending.,0,0,0,0,0
Can I...,0,0,1,0,1
"And remember, upward strokes are your friend.",0,0,1,0,0
I'm sorry. I must go look for my brother.,0,0,0,0,0
"Add all these to the inventory, boys.",0,0,1,0,0
I need you to hear that.,1,0,0,0,0
You seemed ready to let those people die back there.,0,0,0,0,1
"Doesn't mean I'm wrong, though.",1,0,0,0,0
"Right, let's go.",0,0,0,0,0
"Zhencong, is Dong all right?",0,0,0,0,0
I'm telling you I did.,0,0,0,1,0
"Actually, she's me, Sad Coffee Guy.",0,0,0,1,0
You have to start listening.,1,0,0,0,0
The food is getting cold. - Let me get you a helping. - A toast to Xiaowan's Mom.,0,0,0,0,0
I'm his girlfriend.,0,0,0,0,0
What about Alberto Vasquez?,0,0,0,0,0
Wait. Someone's coming.,0,0,0,0,0
"No, do you understand?",1,0,0,0,0
Are you all right?,0,0,0,0,1
The Monitor?,0,0,0,0,1
They don't deserve to be gone.,0,0,0,1,0
You are a Cicada.,1,0,0,0,0
"Ralphy, don't...",0,0,0,0,0
"I'm here because of this, Mr Fang. ""Mom, Zhencong wants me to marry him.""",0,0,0,0,0
Great.,0,0,1,0,0
And I regret it every day.,0,0,0,1,0
"Yeah. Don't get too excited. - It's totally fried. - Not to brag, but totally fried is kind of my wheelhouse.",0,0,0,0,1
Inside...she's cooking.,0,0,0,0,0
This isn't anger.,0,0,0,1,0
Wear this even if you're not wearing suits.,0,0,0,0,0
A facility like that would have undisclosed amounts of dark matter.,0,0,0,1,0
I have the detonator.,0,0,0,0,0
"I do believe in you, Allegra.",0,0,1,0,0
I'll get it.,0,0,1,0,0
"Yeah. Yeah, I just need to get some air.",0,0,0,0,0
"Yeah. I used, uh...",0,0,0,0,0
That fire would've destroyed your land.,1,0,0,0,0
"Chief, did you hand it in?",0,0,0,0,0
What happened to Morris?,0,0,0,0,1
You told me when you were drunk.,0,0,0,0,0
"No dent in the grille, no blood, no nothin'.",0,0,0,0,1
You guys look down on me.,1,0,0,0,0
"My name, my memories.",0,0,0,0,0
Eventually I'll have nothing.,0,0,0,1,0
By not giving up.,0,0,0,0,0
"You must stay healthy, right?",0,0,1,0,0
"Hello, I need to speak to Jang-Mi Kwon. It's urgent. - She's off campus today. - Where'd she go?",0,0,0,0,1
"Why don't you start at the beginning, John?",0,0,1,0,0
What did you say?,0,0,0,0,0
And I think the same people who killed him are on their way here for you.,0,1,0,0,0
None of you can try and save me.,0,1,0,1,0
You better kill me now.,1,0,0,0,0
"Listen, Indiana,",0,0,0,0,0
What?,0,0,0,0,1
Boom.,0,0,0,0,0
Do you know that Baskin-Robbins has 31 different flavors?,0,0,0,0,1
"Nobody, nobody but you.",1,0,0,0,0
Where'd you get this?,0,0,0,0,1
"She almost died, John.",1,0,0,0,0
It doesn't feel real yet.,0,0,0,0,1
"Whenever you need me, I'll be there.",0,0,1,0,0
I saw a giant wave of anti-matter sweeping over our Earth.,0,1,0,0,0
"God of beauty, baby.",0,0,1,0,1
"Come on, not when we're all here.",0,0,1,0,0
"The longer an asset's been sleeping, the more unreliable he might prove to be upon activation.",0,0,0,0,0
It's your smell.,0,0,0,0,0
We can't lose the doctor.,1,0,0,0,0
"Oh. Uh, there's another one downstairs.",0,0,0,0,1
Drop it.,0,0,0,1,0
Let's check if we need to change the diaper.,0,0,0,0,0
I must do something special.,0,0,0,0,0
I have to pick up my daughter from school.,0,0,0,0,0
- We're not.,0,0,0,1,0
So what else did our Asgardian cosplayer say?,0,0,0,0,1
We don't have to stand here and listen to this...,1,0,0,0,0
Cops don't save anyone with dumplings.,1,0,0,0,0
"Well, someone's out there hunting for dark matter, and he's willing to kill to get it.",1,0,0,0,0
What do you know about the people who volunteered for Treadstone?,0,0,0,0,1
Ah. So...,0,0,0,0,0
"Right now, the stakes are every family in existence.",0,1,0,0,0
I was wounded when I saved the kid's life.,0,0,0,1,0
"Yeah. Well, we went to the vault, but by the time we got there, it had already been trashed and emptied.",0,0,0,1,0
I'm willing to give John 20 seconds to say something important.,0,0,0,0,0
You always come over,1,0,0,0,0
"I'm sorry, but we need to focus on the mission.",0,1,0,0,0
To think that I'm the one who's done such awful things.,0,0,0,1,0
Two men is a kill team.,0,1,0,0,0
"You're gonna do more than just vanish in Crisis, aren't you?",0,0,0,0,1
Your brother is an artist.,0,0,1,0,0
I have no other choice.,0,0,0,1,0
"Last year, I was alone in Beijing,",0,0,0,1,0
And you're saying that actually worked?,0,0,0,0,1
"You were wrong about me, brother.",1,0,0,0,0
Mom.,0,0,0,0,0
General Kwon's dead.,0,0,0,1,0
You want this?,0,0,0,0,1
"Oh, my god.",0,0,1,0,0
"But now a new threat has emerged, a danger so severe it has forced me to leave my family in order to face it, and it won't be enough for me to just be the Green Arrow.",0,1,0,0,0
You know what I mean.,0,0,0,0,0
- Let's go. ,0,0,1,0,0
I consulted a fortune teller.,0,0,1,0,0
"Hey, heads up.",0,0,0,0,0
You're so happy.,0,0,1,0,0
Baby.,0,0,1,0,0
I will shoot.,1,0,0,0,0
"Hey, Tommy, did I forget to tell you?",0,0,0,0,1
What did you do?,0,0,0,0,1
"And what is Eternium supposed to be, anyway?",0,0,0,0,1
Why am I inside your glove?,0,0,0,0,1
You're going home to your wife tonight.,0,0,0,0,0
I thought China White was in A.R.G.U.S. custody.,0,0,0,0,0
"Because if you do, the men who are storming your bunker right now will kill your brother.",0,0,0,0,0
I was captured.,0,0,0,1,0
Gee. Thanks.,0,0,1,0,0
He didn't give me any other choice.,0,0,0,1,0
"Would you help us, Dr. Rosso?",0,0,0,0,1
Meisner's lab was located inside a Soviet prison on the outskirts of town.,0,0,0,0,0
She wants to borrow $20K more?,0,0,0,0,1
You are not Coco's father.,1,0,0,0,0
I'll go with you.,0,0,1,0,0
"If you were in Hong Kong, we would have approved your application, but not here.",1,0,0,0,0
"Dr. Robert Wong, renowned biophysicist.",0,0,0,0,0
Stop guessing.,1,0,0,0,0
You know what I see?,0,0,1,0,0
We've actually done this dance before. - Is that right? - That's right.,0,0,1,0,0
Yeah! Yeah!,0,0,1,0,0
"Please, just give me a minute.",0,1,0,0,0
"Ralph, oh, come here, baby. - Those stupid things. - What happened?",0,0,0,1,1
What happened to your lab?,0,0,0,0,1
"The scanner shows blood stasis in your brain, and you have sustained an injury.",0,0,0,1,0
I'm good.,0,0,1,0,0
"Welcome home, Bentley.",0,0,1,0,0
Doesn't seem like the kind who's too friendly.,0,0,0,0,0
"I must go home, Miss.",0,0,0,0,0
This isn't about you or dad.,0,0,0,0,0
Even a mute is wanted but not me.,1,0,0,0,0
Say the word.,1,0,0,0,0
"Oh, yeah? And why is that?",0,0,0,0,1
"One hour from the north, two from the south.",0,0,0,0,0
It's all right.,0,0,1,0,0
She didn't even fight.,0,0,0,1,0
"All right, get back.",0,0,1,0,0
"See, I still don't get it.",0,0,0,1,0
Go. Do it.,0,0,1,0,0
Why not?,0,0,0,0,1
I know you're angry.,1,0,0,0,0
And don't you forget it.,0,0,0,0,0
"My husband tried this gambit once already, and you're the one who told him he made a mistake.",1,0,0,0,0
How do you know it's me?,0,0,0,0,1
"Oliver, what were you supposed to do, just sit back and let it happen?",0,0,0,0,0
"Thanks for coming, Mom.",0,0,1,0,0
Wait a minute. - It's all right. - I'm sorry.,0,0,0,1,0
What are you looking at?,0,0,0,0,1
Occupation?,0,0,0,0,1
Parched?,0,0,0,0,1
I've got that here with you.,0,0,1,0,0
You pushed me away.,1,0,0,0,0
None of this would have happened if you hadn't shown up on my earth in the first place.,1,0,0,0,0
I don't think it is.,1,0,0,0,0
Welcome home.,0,0,1,0,0
What is going on? - The station chief is gonna have questions--lots of them.,0,0,0,0,1
"You should sit down, Auntie.",0,0,1,0,0
I can handle myself.,0,0,1,0,0
"I like you, Ralphy. Guess what? - You can have the footage. - Oh, great. - For 5,000 bucks. - I'm sorry, what?",0,0,1,0,0
We crossed one time.,0,0,0,0,0
Let's hope it works this time.,0,1,0,0,0
"Rage on this, Romero.",0,0,0,0,0
"If you hurt my brother, I swear I will kill you.",1,0,0,0,0
"I got the quotes for the mayor story, and I finished your filing. - Everything's alphabetical. - Great.",0,0,1,0,0
Take it easy.,0,0,1,0,0
Marv's alive?,0,0,0,0,1
"I used to lie in bed at night asking myself Why them?""",1,0,0,1,0
"I mean, kind of.",0,0,0,0,0
I have to admit. That was pretty cool.,0,0,1,0,0
You're gonna take it. Right.,0,0,1,0,0
Spare me that guy's things. I'm no trash can.,1,0,0,0,0
Where's your wife?,0,0,0,0,0
What little lamb?,0,0,0,0,0
Something moving needs not be earth shaking.,0,0,0,1,0
Tell them to get the hell out.,0,0,0,0,0
Those memories... they're just...gone.,0,0,0,1,0
What are you going to cook?,0,0,0,0,1
Frost! That cannot happen again.,0,0,0,1,0
I know these guns.,0,0,1,0,0
Is that your unfiltered truth?,0,0,0,0,0
"Northern wave's thicker than fleas on a farm dog, but the southern's more dispersed.",0,1,0,0,0
Give me $1 00K. I'll move out tomorrow.,0,0,0,1,0
Put on your seat belt. - How far to the embassy? - Still a few more blocks.,0,0,0,0,1
"Well, what about my behavior over the past 7 years has given you the impression that I would?",0,0,0,0,0
No.,0,0,0,0,0
"One, it's Frost. I'm rebranding.",0,0,0,0,0
"Rosita, I...",0,0,0,0,0
It's not smart to go to sleep unless it's safe.,0,1,0,0,0
What is it?,0,0,0,0,0
You have suffered enough.,0,0,0,1,0
Let me talk to your boss.,1,0,0,0,0
No more Akios will die here as long as I'm here to protect them.,0,0,0,0,0
"Well, apparently the government doesn't like when agents put bombs in people's necks.",0,0,0,0,0
I have survived worse.,0,0,1,0,0
Complete.,0,0,0,0,0
"Thanks, Doc.",0,0,1,0,0
"Let's play a game. If I win, you must buy a flat from me.",0,0,0,0,0
I came to Beijing by myself.,0,0,0,0,0
Getting a damn murderer to confess?,0,0,0,0,1
I'll get it.,0,0,1,0,0
Yes. I have Dr. Wong.,0,0,1,0,0
You believe her?,0,0,0,0,1
"Yeah, right.",0,0,1,0,0
I always knew my father was a target.,0,1,0,1,0
I thought you had a handle on that.,0,0,0,1,0
You don't like that?,0,0,0,0,1
I don't think I'm cut out for joy.,0,0,0,1,0
How can you say that?,0,0,0,0,1
We will mark the new border to the north.,0,0,0,0,0
"Well, it should be.",0,0,1,0,0
She left because you watched the World Cup or you watched it... because she left you?,0,0,0,0,0
It's obvious you cried.,0,0,0,1,0
We were not gonna sit back and let that happen.,1,0,0,0,0
Like what?,0,0,0,0,0
Capture! Do not kill!,1,0,0,0,0
"A being who transcends universes, a crisis brewing.",0,1,0,0,0
"She's wasting her time, John.",1,0,0,0,0
I think we're done here.,0,0,1,0,0
I lost my mother to this disease.,0,0,0,1,0
Forget you promised you'd look after me?,0,0,0,0,1
To what end?,0,0,0,0,1
Since I got back. It's fine.,0,0,0,0,0
You're a little lamb in a men's world.,0,0,1,0,0
You said you're a lifesaver.,0,0,0,0,1
"Uh, I was drugged with hallucinogenics.",0,0,0,1,0
"Wait. Oh, no, no, no.",0,1,0,0,0
You want to hate me?,0,0,0,0,1
I was almost frozen... under a big clock.,0,1,0,0,0
I might die before I get to figure out which one is my favorite.,0,1,0,1,0
"No, it's not. You're drunk.",0,0,0,0,0
"You are not actually gonna trust this guy, are you? - 'Cause I don't. - I'm sorry.",0,0,0,1,1
I believe I have found an effective cure for HLH.,0,0,1,0,0
It's bigger than us.,0,0,0,0,0
"People are dying out there, all right?",1,0,0,0,0
So we can access all the information it has on Dr. Wong.,0,0,1,0,0
"But, um...",0,0,0,0,0
Sorry. I'm just tired.,0,0,0,1,0
This substance appears to heal any and all weaknesses in the human body... including cells affected by HLH.,0,0,1,0,0
Only you did.,0,0,0,0,1
How could you lie about that?,1,0,0,0,1
"No, no, no, I have a better idea.",0,0,1,0,0
I know what it's like to lose people.,0,0,0,1,0
That actually does kind of make me feel better.,0,0,1,0,0
"Um, thank you for your help, Dr. Rosso. - Barry. - Yeah?",0,0,1,0,0
"Look, I just want to stay here.",1,0,0,0,0
Looks like I'm not the only one who needed backup.,0,0,0,0,0
I know you can. I believe in you.,0,0,1,0,0
I get one every once in a while.,0,0,0,0,0
Yeah. You and me both.,0,0,0,0,0
"What are you doing, Peiru? Are you craZy?",0,0,0,0,1
She says she's not mute... in Zhencong's world.,0,0,1,0,0
Only she ain't there.,0,0,0,0,0
We're tired.,0,0,0,1,0
That's why he's coming with me.,0,0,0,0,0
I was on the ground in New York when Blackbriar got blown.,0,0,0,0,0
"Michonne, do you copy?",0,0,0,0,0
"Like you said, I'm a desperate man.",0,0,0,1,0
That's where he had an endless supply of subjects.,0,0,0,1,0
"I don't blame you, OK?",1,0,0,0,0
Get the manager to fix it.,0,0,0,0,0
You did the right thing. You learned from me.,0,0,1,0,0
You must save me.,0,0,0,1,0
A girl shouldn't drink like this.,1,0,0,0,0
It's nothing. I'm becoming forgetful.,0,0,0,1,0
"I'm sorry, Mom. We tried.",0,0,0,1,0
"Everyone wants ready-made, not the process.",0,0,0,0,0
Thank you for letting me in your life.,0,0,1,0,0
"You're a dead man, too. Aren't you, Barry?",0,0,0,1,0
We have not slept.,1,0,0,0,0
Remember me at the karaoke the other night?,0,0,0,0,0
Eternium.,0,0,0,0,0
Did you see Xiaowan's Mom?,0,0,0,0,1
Spare my assistant. I'll drink with you.,0,0,1,0,0
"He slams on the brakes, calls the local PD, gets out, and goes lookin' for her.",0,0,0,0,0
So she thinks I'm dead?,1,0,0,1,0
Listen.,0,0,0,0,0
I speak for everyone in this station when I say we're glad you came home in one piece.,0,0,1,0,0
The security guard from a nearby building heard the gunshots.,0,0,0,1,0
"Okay, it's fine. We got it. Go.",0,0,1,0,0
Carol... how long you been taking those pills for?,1,0,0,0,1
That's your first mistake. - How so? - They were more than that.,1,0,0,0,0
"Yeah, hi, the Avenue M pawn shop was robbed last night, and the police think that Debbie was responsible.",0,0,0,1,0
"Someone is coming,",0,1,0,0,0
Good. I'm so glad you reconsidered.,0,0,1,0,0
Why are you following me? Go home.,0,0,0,0,1
"He can't even take care of himself,",1,0,0,0,0
"So if--if--if the-- if the monitor can't fix this and if he is not here to help, then all of these things that I've sacrificed and all the things that so many other people have already sacrificed will have been for nothing.",0,0,0,1,0
Get out.,1,0,0,0,0
Grandma said I was a lifesaver.,0,0,0,0,0
I don't have one.,0,0,0,0,0
Too late.,0,1,0,1,0
I have vision.,0,0,0,0,0
They tried to break me.,1,0,0,0,0
I just need five minutes.,0,0,0,0,0
They brought devilish alcohol because of you.,0,0,0,0,1
How exactly are we going to earn it?,0,0,0,0,1
"This happened three days ago. - How'd the police catch this guy? - Quite easily‐ this man exited the store and simply sat down on the curb, almost like his mission was complete,",0,0,1,0,1
Where's--where's Tommy?,0,1,0,0,0
I watched her die once.,0,0,0,1,0
The Monitor didn't just warn us that Crisis was coming early.,0,1,0,0,0
He was actually willing to help me with my research.,0,0,1,0,0
"They must clear out on the 1 1th, because the furniture is here on the 12th.",0,0,0,0,0
You're looking for Fang Zhendong?,0,0,0,0,1
Prep him for transport.,0,0,0,0,0
"As she read it word by word, she felt as if her friend was talking to her in person.",0,0,1,0,0
"Hey, there. Come on.",0,0,1,0,0
"Try zero, nine, zero, nine, 69. ""Fortunate Son"" Release date.",0,0,0,0,1
I have a personal heater.,0,0,0,0,0
But this ceiling is... against regulations.,0,1,0,0,0
Now I remember the lyrics I used to forget.,0,0,0,0,0
"You're Lion King, You're just as professional... as Yao Ming.",0,0,1,0,0
What did you do?,1,0,0,0,0
You're too kind.,0,0,1,0,0
"Barry, keeping this secret all day hasn't felt right.",0,0,0,1,0
What did you do? Frost!,1,0,0,0,1
I look at you and I feel nothing at all.,0,0,0,1,0
"T-that woman I was with at the bar, are you sure you didn't see her?",0,0,0,0,1
These are men and women who gave up all their personal power to an institution they assumed was on the right side of things. - Turned out it wasn't. - That's not their fault.,1,0,0,1,0
What's this doing in my hand?,0,0,0,0,0
To make people do things that they would never normally consider.,0,1,0,0,0
"All of it, not just a few waves at a time.",0,1,0,0,0
"But, Mom... why did you break up with all the others?",0,0,0,0,1
You get scared.,0,0,0,1,0
I can't go on without you.,0,0,0,1,0
You sent me an angel.,0,0,1,0,0
"Well, how would Kwon have that intel?",0,0,0,0,1
The blonde boy... screamed your name just before we took his head.,0,0,0,0,0
Here.,0,0,0,0,0
"I tried, but I couldn't.",0,0,0,1,0
Bring him to me.,0,0,0,0,0
Copy.,0,0,0,0,0
"Well, then maybe this is where I deserve to be.",0,0,0,1,0
I like it.,0,0,1,0,0
She would have been dead if you hadn't have come back and fought with us.,0,0,0,0,0
What do you know?,0,0,0,0,0
How you holding up?,0,0,0,0,1
Or turn them into meta-humans.,0,0,1,0,0
That's right.,0,0,1,0,0
You want me to save you?,0,0,0,0,1
"You march towards death without fear, just like Mum.",0,0,0,1,0
Cheers.,0,0,1,0,0
You all right?,0,1,0,0,0
Mom?,0,0,0,0,1
The destruction of that earth was a necessary sacrifice.,0,0,0,1,0
Look out!,0,1,0,0,0
It's high risk for us as you're new at this.,0,1,0,0,0
